"","species","average","overall","sd","ratio","ava","avb","ord","cusum","p"
"Algae","Algae",0.166957177579717,0.405179164695143,0.116981022638806,1.42721591770675,0.548187344459083,0.773111571129049,1,0.412057657765635,0.001
"CCA","CCA",0.108693397919947,0.405179164695143,0.0972107085391939,1.11812165093029,0.262474710876885,0.0857756784118188,2,0.68031774463789,0.002
"Sponge","Sponge",0.000877124337732642,0.405179164695143,0.00794185730844409,0.110443225516033,0.00135547504025766,0.000409745293466222,5,0.900070100536945,0.823
"Substrate","Substrate",0.0350729036517438,0.405179164695143,0.066136103173947,0.530314033766055,0.0422399477870492,0.0415949251287977,4,0.986631569407469,0.018
"Hard Coral","Hard Coral",0.0890390760029687,0.405179164695143,0.0986446423486331,0.902624550944022,0.143639559849705,0.0920372051752957,7,0.995448283640705,0.001
"Ascidian","Ascidian",0.000749774414503071,0.405179164695143,0.00402349968806807,0.186348818847078,0.000975308641975307,0.000548172757475082,3,0.997613065085952,0.783
"Soft Coral","Soft Coral",0.00357234890837833,0.405179164695143,0.0219891665326854,0.16245949581892,0.000831357048748352,0.00638427464008858,6,0.999463541319268,0.001
"Unknown","Unknown",0.000148148148148146,0.405179164695143,0.00242981776592577,0.0609708885273958,0.000296296296296297,0,8,0.999829177465094,0.598
"Other","Other",6.921373200443e-05,0.405179164695143,0.00119882069190634,0.0577348493162622,0,0.000138427464008859,9,1,0.001
